yourRating,dateRated,title,imdbRating,runtime,year,numVotes,releaseDate,ratingDiff
9,21/07/2020,Uzumaki,6.2,90,2000,7126,11/02/2000,2.8
9,21/07/2020,First Man,7.3,141,2018,156542,29/08/2018,1.7
9,21/07/2020,Home Alone,7.6,103,1990,449465,10/11/1990,1.4
9,21/07/2020,The Theory of Everything,7.7,123,2014,388149,07/09/2014,1.3
9,21/07/2020,Groundhog Day,8,101,1993,566994,04/02/1993,1
9,21/07/2020,Saving Private Ryan,8.6,169,1998,1196599,21/07/1998,0.4
4,21/07/2020,Shutter Island,8.2,138,2010,1088581,13/02/2010,-4.2
6,16/07/2020,Eurovision Song Contest: The Story of Fire Saga,6.6,123,2020,49472,26/06/2020,-0.6
10,11/07/2020,Awakenings,7.8,121,1990,119869,12/12/1990,2.2
5,11/07/2020,Avatar,7.8,162,2009,1097315,10/12/2009,-2.8
3,10/07/2020,Radius,6.2,93,2017,12369,17/07/2017,-3.2
5,09/07/2020,Yes Man,6.8,104,2008,328417,09/12/2008,-1.8
5,09/07/2020,Moonlight,7.4,111,2016,260972,02/09/2016,-2.4
4,09/07/2020,Westworld,8.7,62,2016,406666,30/09/2016,-4.7
9,05/07/2020,Hereditary,7.3,127,2018,216754,21/01/2018,1.7
8,03/07/2020,Coraline,7.7,100,2009,189662,05/02/2009,0.3
6,03/07/2020,Jumanji: The Next Level,6.7,123,2019,159394,04/12/2019,-0.7
5,03/07/2020,Zathura: A Space Adventure,6.2,101,2005,90380,06/11/2005,-1.2
8,02/07/2020,Chicken Run,7,84,2000,173296,17/06/2000,1
7,02/07/2020,A Matter of Loaf and Death,7.6,30,2008,14614,03/12/2008,-0.6
7,02/07/2020,A Grand Day Out,7.8,23,1989,30603,04/11/1989,-0.8
7,02/07/2020,A Close Shave,8.1,30,1995,37884,24/12/1995,-1.1
7,02/07/2020,The Wrong Trousers,8.3,30,1993,49806,04/09/1993,-1.3
6,02/07/2020,Over the Hedge,6.7,83,2006,155814,22/04/2006,-0.7
5,02/07/2020,Flushed Away,6.6,85,2006,109818,22/10/2006,-1.6
5,02/07/2020,Cloudy with a Chance of Meatballs,6.9,90,2009,199023,12/09/2009,-1.9
10,01/07/2020,Dark,8.8,60,2017,227236,09/09/2017,1.2
9,28/06/2020,Inside Out,8.1,95,2015,588341,18/05/2015,0.9
7,22/06/2020,Heroes,7.5,45,2006,225218,22/07/2006,-0.5
6,08/06/2020,The Lord of the Rings: The Fellowship of the Ring,8.8,178,2001,1611737,10/12/2001,-2.8
4,08/06/2020,The Lord of the Rings: The Two Towers,8.7,179,2002,1442415,05/12/2002,-4.7
4,08/06/2020,The Lord of the Rings: The Return of the King,8.9,201,2003,1596255,01/12/2003,-4.9
7,07/06/2020,Monsters,6.4,94,2010,86526,13/03/2010,0.6
9,04/06/2020,La La Land,8,128,2016,484263,31/08/2016,1
7,04/06/2020,The Thirteenth Floor,7.1,100,1999,65328,16/04/1999,-0.1
5,04/06/2020,Climax,7.1,97,2018,45713,13/05/2018,-2.1
5,04/06/2020,Straight Outta Compton,7.8,147,2015,175308,11/08/2015,-2.8
2,28/05/2020,The Silence,5.3,90,2019,34369,10/04/2019,-3.3
7,24/05/2020,Silver Linings Playbook,7.7,122,2012,648807,08/09/2012,-0.7
6,24/05/2020,Romeo + Juliet,6.7,120,1996,205549,27/10/1996,-0.7
5,24/05/2020,Ted,6.9,106,2012,560257,29/06/2012,-1.9
9,23/05/2020,The Revenant,8,156,2015,680275,16/12/2015,1
5,23/05/2020,The Purge: Anarchy,6.4,103,2014,133901,17/07/2014,-1.4
7,20/05/2020,Valerian and the City of a Thousand Planets,6.5,136,2017,156325,17/07/2017,0.5
6,14/05/2020,Onibaba,8,103,1964,15195,21/11/1964,-2
8,12/05/2020,The SpongeBob SquarePants Movie,7.1,87,2004,76347,14/11/2004,0.9
8,12/05/2020,"I, Tonya",7.5,119,2017,171365,08/09/2017,0.5
3,09/05/2020,The History of Time Travel,6.8,72,2014,615,25/10/2014,-3.8
4,08/05/2020,Into the Night,7.1,,2020,16889,01/05/2020,-3.1
6,07/05/2020,Marriage Story,8,137,2019,221695,29/08/2019,-2
8,06/05/2020,After Life,8.5,30,2019,75617,08/03/2019,-0.5
5,04/05/2020,The Green Mile,8.6,189,1999,1104862,06/12/1999,-3.6
3,29/04/2020,El hoyo,7,94,2019,138316,06/09/2019,-4
6,28/04/2020,The VVitch: A New-England Folktale,6.9,92,2015,186672,23/01/2015,-0.9
8,26/04/2020,Ashes to Ashes,8.2,60,2008,8631,07/02/2008,-0.2
8,26/04/2020,Life on Mars,8.3,60,2006,28094,09/01/2006,-0.3
10,23/04/2020,The Invisible Man,7.1,124,2020,119782,24/02/2020,2.9
10,23/04/2020,Get Out,7.7,104,2017,467181,23/01/2017,2.3
10,23/04/2020,Arrival,7.9,116,2016,571156,01/09/2016,2.1
9,20/04/2020,Gisaengchung,8.6,132,2019,449682,21/05/2019,0.4
6,19/04/2020,Click,6.4,107,2006,299041,14/06/2006,-0.4
6,19/04/2020,The Boy in the Striped Pyjamas,7.8,94,2008,184814,28/08/2008,-1.8
6,19/04/2020,Slumdog Millionaire,8,120,2008,783623,30/08/2008,-2
6,18/04/2020,Everest,7.1,121,2015,191972,02/09/2015,-1.1
10,12/04/2020,The Curious Case of Benjamin Button,7.8,166,2008,573132,10/12/2008,2.2
5,12/04/2020,World War Z,7,116,2013,587634,02/06/2013,-2
7,08/04/2020,Lost in Translation,7.7,102,2003,400488,29/08/2003,-0.7
8,05/04/2020,Hacksaw Ridge,8.1,139,2016,414300,04/09/2016,-0.1
9,04/04/2020,Vivarium,5.8,97,2019,23938,18/05/2019,3.2
5,04/04/2020,Maze Runner: The Scorch Trials,6.3,131,2015,214944,01/09/2015,-1.3
8,03/04/2020,Midnight in Paris,7.7,96,2011,377605,11/05/2011,0.3
7,29/03/2020,Twelve Monkeys,8,129,1995,566253,08/12/1995,-1
3,29/03/2020,Independence Day,7,145,1996,518539,25/06/1996,-4
5,21/03/2020,Il �tait une seconde fois,6.2,192,2019,558,12/02/2019,-1.2
6,17/03/2020,Contagion,6.7,106,2011,271944,03/09/2011,-0.7
6,17/03/2020,I Am Not Okay with This,7.6,30,2020,32672,26/02/2020,-1.6
7,07/03/2020,Manchester by the Sea,7.8,137,2016,236609,23/01/2016,-0.8
6,06/03/2020,Oh Boy,7.4,86,2012,14695,03/07/2012,-1.4
8,01/03/2020,Safety Not Guaranteed,7,86,2012,115618,22/01/2012,1
2,29/02/2020,The Purge,5.7,85,2013,197439,02/05/2013,-3.7
6,28/02/2020,Event Horizon,6.7,96,1997,153792,15/08/1997,-0.7
9,07/02/2020,The Terminal,7.4,128,2004,394102,09/06/2004,1.6
8,07/02/2020,Big,7.3,104,1988,192374,03/06/1988,0.7
5,25/01/2020,Jurassic Park,8.1,127,1993,838758,09/06/1993,-3.1
4,24/01/2020,Color Out of Space,6.2,111,2019,22353,07/09/2019,-2.2
7,22/01/2020,The Lake House,6.8,99,2006,136821,16/06/2006,0.2
5,19/01/2020,Mad Max: Fury Road,8.1,120,2015,850097,07/05/2015,-3.1
7,18/01/2020,Shuffle,6.6,82,2011,1525,21/10/2011,0.4
9,17/01/2020,1917,8.3,119,2019,345907,04/12/2019,0.7
5,11/01/2020,Rogue One,7.8,133,2016,535475,10/12/2016,-2.8
6,04/01/2020,Er ist wieder da,7.1,116,2015,40842,08/10/2015,-1.1
8,03/01/2020,Edge of Tomorrow,7.9,113,2014,583058,28/05/2014,0.1
6,01/01/2020,Jumanji,7,104,1995,297211,15/12/1995,-1
3,29/12/2019,Eternal Sunshine of the Spotless Mind,8.3,108,2004,884125,09/03/2004,-5.3
5,27/12/2019,Star Wars: Episode IX - The Rise of Skywalker,6.7,142,2019,340400,16/12/2019,-1.7
10,14/12/2019,Mr. Robot,8.5,49,2015,317957,17/03/2015,1.5
5,10/12/2019,Fractured,6.4,99,2019,47652,22/09/2019,-1.4
5,05/12/2019,Mars,7.5,60,2016,12855,13/11/2016,-2.5
9,04/12/2019,Lion,8,118,2016,204927,10/09/2016,1
7,30/11/2019,The Fighter,7.8,116,2010,332679,06/12/2010,-0.8
3,30/11/2019,Captive State,6,109,2019,45500,15/03/2019,-3
9,22/11/2019,Bridge to Terabithia,7.1,96,2007,139676,15/02/2007,1.9
4,19/11/2019,The War of the Worlds,5,48,2019,6691,06/10/2019,-1
8,16/11/2019,Joker,8.5,122,2019,829891,31/08/2019,-0.5
7,03/11/2019,Antarctica: A Year on Ice,7.6,91,2013,3258,21/07/2013,-0.6
7,31/10/2019,Black Swan,8,108,2010,683419,01/09/2010,-1
6,31/10/2019,Happy Death Day,6.5,96,2017,109359,07/10/2017,-0.5
5,28/10/2019,"As Above, So Below",6.2,93,2014,73273,19/08/2014,-1.2
8,23/10/2019,Living with Yourself,7.2,26,2019,22816,18/10/2019,0.8
6,23/10/2019,Paradox,6.9,19,2006,636,20/03/2006,-0.9
4,13/10/2019,41,6.4,80,2012,1393,20/07/2012,-2.4
8,12/10/2019,Free Solo,8.2,100,2018,49779,31/08/2018,-0.2
6,10/10/2019,It,7.3,135,2017,438958,05/09/2017,-1.3
9,05/10/2019,The Sound of Music,8,172,1965,197565,02/03/1965,1
2,30/09/2019,The Discovery,6.3,102,2017,28170,20/01/2017,-4.3
1,21/09/2019,Ad Astra,6.6,123,2019,178573,29/08/2019,-5.6
8,30/08/2019,Stranger Things,8.8,51,2016,754311,11/07/2016,-0.8
7,25/08/2019,The Simpsons,8.7,22,1989,354448,17/12/1989,-1.7
6,25/08/2019,The Simpsons Movie,7.3,87,2007,304044,21/07/2007,-1.3
8,16/08/2019,Before I Wake,6.2,97,2016,37305,07/04/2016,1.8
6,16/08/2019,Dead Calm,6.8,96,1989,35685,07/04/1989,-0.8
1,15/08/2019,Shazam!,7.1,132,2019,236955,25/03/2019,-6.1
4,06/08/2019,Excursion,6.9,85,2019,3162,20/04/2019,-2.9
7,31/07/2019,The Great Hack,7,114,2019,17618,26/01/2019,0
5,29/07/2019,Time Trap,6.5,87,2017,16444,19/05/2017,-1.5
7,20/07/2019,The Ritual,6.3,94,2017,70859,08/09/2017,0.7
4,18/07/2019,The Girl with All the Gifts,6.6,111,2016,52501,03/08/2016,-2.6
6,15/07/2019,Life,6.6,104,2017,200371,18/03/2017,-0.6
7,14/07/2019,I Am Mother,6.7,113,2019,68887,25/01/2019,0.3
7,12/07/2019,Toy Story 4,7.8,100,2019,185691,11/06/2019,-0.8
7,11/07/2019,Wonder,8,113,2017,131775,14/11/2017,-1
8,23/06/2019,Toy Story,8.3,81,1995,859741,19/11/1995,-0.3
7,23/06/2019,Toy Story 2,7.9,92,1999,512090,13/11/1999,-0.9
7,23/06/2019,The Incredibles,8,115,2004,639873,27/10/2004,-1
7,23/06/2019,Lost - Epilogue: The New Man in Charge,8.2,12,2010,1493,24/08/2010,-1.2
7,23/06/2019,Toy Story 3,8.3,103,2010,736117,12/06/2010,-1.3
8,22/06/2019,Arctic,6.8,98,2018,38989,10/05/2018,1.2
7,22/06/2019,The Maze Runner,6.8,113,2014,407093,11/09/2014,0.2
4,22/06/2019,The Ashram,5.1,85,2018,693,02/03/2018,-1.1
3,22/06/2019,Beyond Skyline,5.3,106,2017,17529,14/10/2017,-2.3
6,16/05/2019,Incredibles 2,7.6,118,2018,237079,05/06/2018,-1.6
2,28/04/2019,Si no t'hagu�s conegut,7.7,60,2018,1312,15/10/2018,-5.7
8,27/04/2019,Adrift,6.6,96,2018,43001,31/05/2018,1.4
7,20/04/2019,The Curse of the Were-Rabbit,7.4,85,2005,122580,04/09/2005,-0.4
8,19/04/2019,The King's Speech,8,118,2010,625699,06/09/2010,0
5,17/04/2019,Bridget Jones's Baby,6.5,123,2016,65931,05/09/2016,-1.5
5,07/04/2019,They Look Like People,5.9,80,2015,6594,25/01/2015,-0.9
9,01/03/2019,Russian Doll,7.9,30,2019,60422,01/02/2019,1.1
6,16/02/2019,Tau,5.8,97,2018,25035,29/06/2018,0.2
10,09/01/2019,The Matrix,8.7,136,1999,1622721,24/03/1999,1.3
7,09/01/2019,The Matrix Reloaded,7.2,138,2003,503925,07/05/2003,-0.2
5,09/01/2019,The Hangover,7.7,100,2009,703286,30/05/2009,-2.7
5,09/01/2019,The Dark Knight,9,152,2008,2228219,14/07/2008,-4
9,05/01/2019,Bohemian Rhapsody,8,134,2018,429738,23/10/2018,1
9,03/01/2019,Triangle,6.9,99,2009,98810,27/08/2009,2.1
7,01/01/2019,Boku dake ga inai machi,8.5,30,2016,23605,07/01/2016,-1.5
6,01/01/2019,Black Mirror: Bandersnatch,7.2,90,2018,108559,28/12/2018,-1.2
4,24/12/2018,Arthur Christmas,7.1,97,2011,48874,11/11/2011,-3.1
8,22/12/2018,Bird Box,6.6,124,2018,263473,12/11/2018,1.4
7,19/12/2018,Despicable Me,7.6,95,2010,489253,20/06/2010,-0.6
6,19/12/2018,In Fear,5.4,85,2013,8618,20/01/2013,0.6
8,18/12/2018,Jumanji: Welcome to the Jungle,6.9,119,2017,305443,05/12/2017,1.1
6,12/12/2018,Electric Dreams,7.3,60,2017,12437,17/09/2017,-1.3
9,02/12/2018,Make Us Dream,8.1,104,2018,2102,15/11/2018,0.9
9,18/11/2018,1408,6.8,104,2007,251167,12/06/2007,2.2
6,18/11/2018,Up,8.2,96,2009,906567,13/05/2009,-2.2
7,17/11/2018,Annihilation,6.9,115,2018,268563,13/02/2018,0.1
7,16/11/2018,An Invisible Sign,5.4,96,2010,3984,07/10/2010,1.6
10,27/10/2018,Her,8,126,2013,519715,12/10/2013,2
10,17/10/2018,Humans,8,42,2015,34519,14/06/2015,2
9,17/10/2018,Continuum,7.6,45,2012,56861,27/05/2012,1.4
9,17/10/2018,Freaks and Geeks,8.8,44,1999,125205,25/09/1999,0.2
8,17/10/2018,Frequency,7.5,42,2016,12411,05/10/2016,0.5
8,17/10/2018,Doctor Who,8.6,45,2005,194671,26/03/2005,-0.6
7,17/10/2018,Orphan Black,8.3,44,2013,98234,30/03/2013,-1.3
3,23/09/2018,The Nun,5.3,96,2018,110848,04/09/2018,-2.3
9,29/08/2018,A Quiet Place,7.5,90,2018,387227,09/03/2018,1.5
8,08/08/2018,Extinction,5.8,95,2018,43900,27/07/2018,2.2
8,20/07/2018,The Twilight Zone,9,51,1959,67969,02/10/1959,-1
9,20/06/2018,Insidious,6.8,103,2010,270295,14/09/2010,2.2
8,20/06/2018,Ready Player One,7.5,140,2018,350332,11/03/2018,0.5
8,20/06/2018,Harry Potter and the Goblet of Fire,7.7,157,2005,527165,06/11/2005,0.3
8,20/06/2018,Harry Potter and the Deathly Hallows: Part 2,8.1,130,2011,738985,07/07/2011,-0.1
7,20/06/2018,Solo: A Star Wars Story,6.9,135,2018,274796,10/05/2018,0.1
7,20/06/2018,Wild,7.1,115,2014,117161,29/08/2014,-0.1
7,20/06/2018,Darkest Hour,7.4,125,2017,163757,01/09/2017,-0.4
7,20/06/2018,Titanic,7.8,194,1997,1018722,01/11/1997,-0.8
6,20/06/2018,Scooby-Doo,5.1,89,2002,95663,08/06/2002,0.9
6,20/06/2018,The Bay,5.6,84,2012,24730,13/09/2012,0.4
5,20/06/2018,R.I.P.D.,5.6,96,2013,115428,17/07/2013,-0.6
5,20/06/2018,Black Panther,7.3,134,2018,589011,29/01/2018,-2.3
8,26/05/2018,The Iron Giant,8,86,1999,167365,31/07/1999,0
8,10/02/2018,Cloverfield,7,85,2008,366293,16/01/2008,1
6,10/02/2018,The Cloverfield Paradox,5.5,102,2018,91927,04/02/2018,0.5
7,07/02/2018,Schindler's List,8.9,195,1993,1175915,30/11/1993,-1.9
6,03/02/2018,Banshee Chapter,5.5,87,2013,8882,22/08/2013,0.5
7,20/01/2018,The Awareness,7.4,17,2014,200,02/01/2014,-0.4
3,14/01/2018,2012,5.8,158,2009,345912,11/11/2009,-2.8
5,13/01/2018,Insidious: The Last Key,5.7,103,2018,49751,03/01/2018,-0.7
7,08/01/2018,Star Wars: Episode VIII - The Last Jedi,7,152,2017,544451,09/12/2017,0
7,05/01/2018,Boku dake ga inai machi,7.9,30,2017,2584,15/12/2017,-0.9
2,26/12/2017,Bright,6.3,117,2017,163387,13/12/2017,-4.3
5,25/12/2017,Fantastic Beasts and Where to Find Them,7.3,132,2016,396103,08/11/2016,-2.3
3,03/11/2017,Jigsaw,5.8,92,2017,65423,25/10/2017,-2.8
7,31/10/2017,Disconnect,7.5,115,2012,72142,11/09/2012,-0.5
5,31/10/2017,The Social Network,7.7,120,2010,605385,24/09/2010,-2.7
8,30/10/2017,The Babadook,6.8,94,2014,189008,17/01/2014,1.2
7,30/10/2017,Zero,7.4,13,2010,1541,31/08/2010,-0.4
6,17/10/2017,Blade Runner 2049,8,164,2017,436372,03/10/2017,-2
8,10/10/2017,Snowden,7.3,134,2016,131015,21/07/2016,0.7
8,17/09/2017,Rick and Morty,9.2,23,2013,348412,02/12/2013,-1.2
8,15/09/2017,Utopia,8.4,50,2013,37974,15/01/2013,-0.4
7,15/09/2017,I'll Follow You Down,6.1,93,2013,6240,28/07/2013,0.9
2,05/09/2017,The Road,7.2,111,2009,218840,03/09/2009,-5.2
8,04/09/2017,Monster House,6.6,91,2006,96946,15/06/2006,1.4
8,04/09/2017,The Autopsy of Jane Doe,6.8,86,2016,91887,09/09/2016,1.2
9,04/08/2017,War for the Planet of the Apes,7.4,140,2017,220620,07/07/2017,1.6
8,04/08/2017,Star Wars: Episode VI - Return of the Jedi,8.3,131,1983,923678,25/05/1983,-0.3
8,04/08/2017,It's a Wonderful Life,8.6,130,1946,386123,20/12/1946,-0.6
8,04/08/2017,Star Wars,8.6,121,1977,1198814,25/05/1977,-0.6
8,01/08/2017,Dunkirk,7.9,106,2017,524756,13/07/2017,0.1
9,29/07/2017,Black Mirror,8.8,60,2011,410548,04/12/2011,0.2
8,22/07/2017,About Time,7.8,123,2013,287908,27/06/2013,0.2
7,22/07/2017,Free Willy,6,112,1993,67138,16/07/1993,1
5,22/07/2017,Beyond,7,43,2016,6589,07/10/2016,-2
9,18/07/2017,Rise of the Planet of the Apes,7.6,105,2011,489185,28/07/2011,1.4
7,18/07/2017,Harry Potter and the Deathly Hallows: Part 1,7.7,146,2010,460120,11/11/2010,-0.7
3,16/07/2017,The Leftovers,8.3,60,2014,74511,29/06/2014,-5.3
5,03/07/2017,Flipped,7.7,90,2010,79264,26/07/2010,-2.7
9,28/06/2017,The Age of Adaline,7.2,112,2015,149774,08/04/2015,1.8
8,28/06/2017,Harry Potter and the Half-Blood Prince,7.6,153,2009,454907,06/07/2009,0.4
7,28/06/2017,Harry Potter and the Order of the Phoenix,7.5,138,2007,490831,28/06/2007,-0.5
8,26/06/2017,Harry Potter and the Prisoner of Azkaban,7.9,142,2004,529656,23/05/2004,0.1
7,26/06/2017,Harry Potter and the Chamber of Secrets,7.4,161,2002,532381,03/11/2002,-0.4
7,26/06/2017,Harry Potter and the Sorcerer's Stone,7.6,152,2001,620329,04/11/2001,-0.6
7,23/06/2017,Frequency,7.3,118,2000,99017,28/04/2000,-0.3
6,16/06/2017,The F Word,6.8,98,2013,68727,07/09/2013,-0.8
6,16/06/2017,Stardust,7.6,127,2007,248962,29/07/2007,-1.6
5,15/06/2017,Mouse-X,7.1,15,2014,754,26/04/2014,-2.1
7,09/06/2017,Night at the Museum,6.4,108,2006,305588,17/12/2006,0.6
7,09/06/2017,Home Alone 2: Lost in New York,6.8,120,1992,289886,15/11/1992,0.2
6,09/06/2017,Dark Water,5.6,105,2005,58867,27/06/2005,0.4
6,09/06/2017,Pirates of the Caribbean: Dead Man's Chest,7.3,151,2006,641881,24/06/2006,-1.3
5,09/06/2017,Night at the Museum: Battle of the Smithsonian,6,105,2009,172174,14/05/2009,-1
5,09/06/2017,The Woman in Black,6.4,95,2012,171372,24/01/2012,-1.4
5,09/06/2017,Pirates of the Caribbean: At World's End,7.1,169,2007,583016,19/05/2007,-2.1
5,09/06/2017,Pirates of the Caribbean: The Curse of the Black Pearl,8,143,2003,998284,28/06/2003,-3
4,09/06/2017,Pirates of the Caribbean: On Stranger Tides,6.6,137,2011,470530,07/05/2011,-2.6
4,09/06/2017,Pirates of the Caribbean: Dead Men Tell No Tales,6.6,129,2017,252480,11/05/2017,-2.6
6,01/06/2017,Alien: Covenant,6.4,122,2017,246479,04/05/2017,-0.4
8,30/05/2017,Prometheus,7,124,2012,558612,11/04/2012,1
6,30/05/2017,Alien�,6.5,114,1992,270372,19/05/1992,-0.5
6,27/05/2017,A Beautiful Mind,8.2,135,2001,823127,13/12/2001,-2.2
7,26/05/2017,Premonition,5.9,96,2007,71526,12/03/2007,1.1
8,23/05/2017,Passengers,7,116,2016,338105,14/12/2016,1
7,19/05/2017,Doctor Strange,7.5,115,2016,574512,13/10/2016,-0.5
7,10/05/2017,Cube,7.2,90,1997,205301,09/09/1997,-0.2
7,06/05/2017,Don't Breathe,7.1,88,2016,210463,12/03/2016,-0.1
2,02/05/2017,The I Inside,6.1,90,2004,10276,21/03/2004,-4.1
3,12/04/2017,Chappie,6.8,120,2015,225031,04/03/2015,-3.8
9,09/04/2017,Back to the Future Part II,7.8,108,1989,464013,20/11/1989,1.2
8,09/04/2017,Back to the Future Part III,7.4,118,1990,390988,25/05/1990,0.6
3,08/04/2017,12 Monkeys,7.7,42,2015,38921,16/01/2015,-4.7
8,06/04/2017,The Hunger Games,7.2,142,2012,827509,12/03/2012,0.8
7,06/04/2017,The Hunger Games: Catching Fire,7.5,146,2013,600879,11/11/2013,-0.5
5,06/04/2017,Jumper,6.1,88,2008,282111,06/02/2008,-1.1
9,03/04/2017,District 9,7.9,112,2009,628347,13/08/2009,1.1
7,02/04/2017,Taken,7.8,90,2008,556401,27/02/2008,-0.8
9,01/04/2017,Silent Hill,6.5,125,2006,210224,20/04/2006,2.5
7,01/04/2017,The Invitation,6.6,100,2015,87018,13/03/2015,0.4
9,26/03/2017,The Pursuit of Happyness,8,117,2006,434705,15/12/2006,1
8,26/03/2017,Cast Away,7.8,143,2000,507549,07/12/2000,0.2
7,26/03/2017,Paul,7,104,2011,230604,07/02/2011,0
7,26/03/2017,The World's End,7,109,2013,252125,10/07/2013,0
7,04/03/2017,Hidden Figures,7.8,127,2016,191707,01/12/2016,-0.8
8,21/02/2017,The Inbetweeners 2,6.4,96,2014,40125,06/08/2014,1.6
7,21/02/2017,The Inbetweeners Movie,6.7,97,2011,76702,17/08/2011,0.3
10,20/01/2017,Life of Pi,7.9,127,2012,567838,28/09/2012,2.1
6,20/01/2017,Timeless,7.7,60,2016,34711,03/10/2016,-1.7
6,20/01/2017,Travelers,8.1,45,2016,42226,17/10/2016,-2.1
7,02/01/2017,The Time Machine,7.6,103,1960,35239,25/05/1960,-0.6
1,31/12/2016,Out of Time: 5:55,,,2013,,19/09/2013,1
7,11/12/2016,Source Code,7.5,93,2011,474849,11/03/2011,-0.5
5,08/12/2016,Rise of the Guardians,7.3,97,2012,152864,10/10/2012,-2.3
7,25/11/2016,Limitless,7.4,105,2011,517271,08/03/2011,-0.4
4,25/11/2016,Nonfilm,6.4,48,2002,416,11/02/2002,-2.4
6,09/11/2016,The Conjuring 2,7.3,134,2016,216383,13/05/2016,-1.3
5,29/10/2016,Sunshine,7.2,107,2007,229014,23/03/2007,-2.2
8,26/10/2016,2001: A Space Odyssey,8.3,149,1968,583920,02/04/1968,-0.3
5,20/10/2016,10 Things I Hate About You,7.3,97,1999,288171,31/03/1999,-2.3
4,19/10/2016,Blade Runner,8.1,117,1982,674350,25/06/1982,-4.1
8,08/10/2016,Before I Go to Sleep,6.3,92,2014,69447,04/09/2014,1.7
9,03/10/2016,10 Cloverfield Lane,7.2,103,2016,281494,08/03/2016,1.8
1,26/09/2016,Birdemic: Shock and Terror,1.8,105,2010,20693,27/02/2010,-0.8
1,26/09/2016,Troll 2,2.9,95,1990,30214,03/10/1990,-1.9
1,24/09/2016,The Room,3.7,99,2003,79662,27/06/2003,-2.7
8,23/09/2016,Army of Darkness,7.5,81,1992,159195,09/10/1992,0.5
6,19/09/2016,I Origins,7.4,106,2014,112260,18/01/2014,-1.4
6,18/09/2016,Brother Bear,6.8,85,2003,93745,20/10/2003,-0.8
9,17/09/2016,The Inbetweeners,8.4,25,2008,77559,26/01/2008,0.6
8,16/09/2016,The Visit,6.2,94,2015,109907,30/08/2015,1.8
8,16/09/2016,Predestination,7.5,97,2014,244030,08/03/2014,0.5
8,16/09/2016,The Fly,7.6,96,1986,154615,15/08/1986,0.4
8,16/09/2016,WALL�E,8.4,98,2008,969594,21/06/2008,-0.4
6,16/09/2016,Evil Dead II,7.8,84,1987,143999,13/03/1987,-1.8
3,11/09/2016,Horrid Henry: The Movie,3.6,93,2011,2270,29/07/2011,-0.6
5,09/09/2016,Ant-Man,7.3,117,2015,550220,29/06/2015,-2.3
8,08/09/2016,Open Water 2: Adrift,5.2,94,2006,17268,10/07/2006,2.8
7,08/09/2016,The Shallows,6.3,86,2016,116557,21/06/2016,0.7
9,05/09/2016,Time Lapse,6.5,104,2014,40161,19/04/2014,2.5
8,05/09/2016,Looper,7.4,113,2012,524144,06/09/2012,0.6
10,04/09/2016,Le tout nouveau testament,7.1,114,2015,28496,17/05/2015,2.9
9,04/09/2016,Unfriended,5.5,83,2014,66309,20/07/2014,3.5
9,04/09/2016,War of the Worlds,6.5,116,2005,407266,13/06/2005,2.5
9,04/09/2016,Sinister,6.8,110,2012,212472,11/03/2012,2.2
8,04/09/2016,The Day After Tomorrow,6.4,124,2004,406852,17/05/2004,1.6
8,04/09/2016,"I, Robot",7.1,115,2004,489012,07/07/2004,0.9
7,04/09/2016,Another Earth,7,92,2011,89315,24/01/2011,0
5,04/09/2016,Hancock,6.4,92,2008,435476,16/06/2008,-1.4
8,02/09/2016,Super 8,7,112,2011,333232,09/06/2011,1
8,02/09/2016,28 Days Later...,7.6,113,2002,367936,01/11/2002,0.4
8,02/09/2016,E.T. the Extra-Terrestrial,7.8,115,1982,360618,26/05/1982,0.2
8,02/09/2016,Catch Me If You Can,8.1,141,2002,793255,16/12/2002,-0.1
3,02/09/2016,Deadpool,8,108,2016,877596,21/01/2016,-5
9,01/09/2016,Planet of the Apes,8,112,1968,162247,08/02/1968,1
7,01/09/2016,Finding Dory,7.3,97,2016,232000,08/06/2016,-0.3
5,01/09/2016,Beneath the Planet of the Apes,6.1,95,1970,40934,23/04/1970,-1.1
8,31/08/2016,Mr. Nobody,7.8,141,2009,210692,11/09/2009,0.2
8,31/08/2016,Star Wars: Episode VII - The Force Awakens,7.9,138,2015,842256,14/12/2015,0.1
8,26/08/2016,11.22.63,8.2,60,2016,68671,15/02/2016,-0.2
5,26/08/2016,400 Days,4.4,91,2015,9973,29/10/2015,0.6
4,26/08/2016,The Boy,6,97,2016,76831,20/01/2016,-2
7,18/07/2016,Vantage Point,6.6,90,2008,143189,13/02/2008,0.4
9,14/07/2016,In Time,6.7,109,2011,362131,20/10/2011,2.3
9,21/06/2016,Being John Malkovich,7.7,113,1999,302286,02/09/1999,1.3
7,05/06/2016,Silent House,5.2,86,2011,21464,21/01/2011,1.8
7,23/04/2016,Bastille Day,6.3,92,2016,34666,20/04/2016,0.7
10,05/04/2016,Eddie the Eagle,7.4,106,2015,82288,12/12/2015,2.6
8,05/04/2016,Buried,7,95,2010,146559,23/01/2010,1
3,04/04/2016,Dark City,7.6,100,1998,184406,25/02/1998,-4.6
7,01/04/2016,Take Shelter,7.4,121,2011,88829,24/01/2011,-0.4
8,30/03/2016,Mirrors,6.2,110,2008,100597,14/08/2008,1.8
7,28/03/2016,Never Let Me Go,7.1,103,2010,135006,03/09/2010,-0.1
3,26/03/2016,United 93,7.5,111,2006,96708,28/04/2006,-4.5
8,25/03/2016,Samsara,8.5,102,2011,32205,11/09/2011,-0.5
4,25/03/2016,The Taking,6,90,2014,24422,21/10/2014,-2
10,20/03/2016,Flatland,6.9,95,2007,1044,14/01/2007,3.1
10,20/03/2016,Room,8.1,118,2015,353780,04/09/2015,1.9
10,13/03/2016,The Truman Show,8.1,103,1998,903813,01/06/1998,1.9
7,13/03/2016,Captain Phillips,7.8,134,2013,409924,27/09/2013,-0.8
7,12/03/2016,Hauru no ugoku shiro,8.2,119,2004,315342,05/09/2004,-1.2
6,11/03/2016,Honogurai mizu no soko kara,6.7,101,2002,29298,19/01/2002,-0.7
4,07/03/2016,[REC] 4: Apocalipsis,5.3,95,2014,15710,09/09/2014,-1.3
2,07/03/2016,[Rec]�: G�nesis,5,80,2012,32497,09/03/2012,-3
9,04/03/2016,Grimsby,6.2,83,2016,88939,24/02/2016,2.8
8,04/03/2016,[Rec],7.4,78,2007,161511,29/08/2007,0.6
5,04/03/2016,[Rec]�,6.5,85,2009,67315,02/09/2009,-1.5
9,03/03/2016,The Exorcism of Emily Rose,6.7,119,2005,116580,01/09/2005,2.3
4,03/03/2016,The Last Exorcism,5.6,87,2010,47301,24/06/2010,-1.6
3,29/02/2016,Mama,6.2,100,2013,166033,17/01/2013,-3.2
8,28/02/2016,Evil Dead,6.5,91,2013,153373,08/03/2013,1.5
4,28/02/2016,The Possession,5.9,92,2012,55883,30/08/2012,-1.9
6,21/02/2016,Rosemary's Baby,8,137,1968,186106,12/06/1968,-2
8,19/02/2016,Case 39,6.2,109,2009,76078,13/08/2009,1.8
10,17/02/2016,The School of Rock,7.1,109,2003,260782,09/09/2003,2.9
9,17/02/2016,Zombieland,7.6,88,2009,508211,25/09/2009,1.4
7,17/02/2016,Hot Fuzz,7.8,121,2007,451327,13/02/2007,-0.8
5,17/02/2016,9,7.1,79,2009,130595,19/08/2009,-2.1
2,17/02/2016,The Human Centipede II (Full Sequence),3.8,91,2011,34781,22/09/2011,-1.8
1,17/02/2016,The Human Centipede III (Final Sequence),2.7,102,2015,14114,22/05/2015,-1.7
1,17/02/2016,The Human Centipede (First Sequence),4.4,92,2009,71441,30/08/2009,-3.4
5,15/02/2016,Annabelle,5.4,99,2014,136110,29/09/2014,-0.4
7,14/02/2016,I Am Legend,7.2,101,2007,671684,05/12/2007,-0.2
6,14/02/2016,Dawn of the Dead,7.3,101,2004,229712,10/03/2004,-1.3
4,14/02/2016,The Amityville Horror,6.3,117,1979,34242,27/07/1979,-2.3
1,14/02/2016,Amityville II: The Possession,5.5,104,1982,9895,24/09/1982,-4.5
7,06/02/2016,The Hills Have Eyes,6.4,107,2006,155384,10/03/2006,0.6
5,06/02/2016,The Blair Witch Project,6.5,81,1999,226494,25/01/1999,-1.5
7,05/02/2016,El laberinto del fauno,8.2,118,2006,604127,27/05/2006,-1.2
3,04/02/2016,Devil,6.2,80,2010,127102,16/09/2010,-3.2
9,03/02/2016,Coherence,7.2,89,2013,102188,19/09/2013,1.8
5,03/02/2016,TiMER,6.5,99,2009,12240,26/04/2009,-1.5
6,02/02/2016,It Follows,6.8,100,2014,201542,17/05/2014,-0.8
8,01/02/2016,The Martian,8,144,2015,736340,11/09/2015,0
8,01/02/2016,The Prestige,8.5,130,2006,1146983,17/10/2006,-0.5
7,01/02/2016,Paranormal Activity 3,5.8,83,2011,88708,14/10/2011,1.2
6,01/02/2016,The Wizard of Oz,8,102,1939,365273,10/08/1939,-2
5,01/02/2016,Orphan,6.9,123,2009,186393,21/07/2009,-1.9
5,01/02/2016,The Conjuring,7.5,112,2013,427855,08/06/2013,-2.5
4,01/02/2016,Dark Circles,5.1,87,2013,3994,21/05/2013,-1.1
9,31/01/2016,127 Hours,7.6,94,2010,340925,04/09/2010,1.4
6,31/01/2016,Dark Skies,6.3,97,2013,69071,21/02/2013,-0.3
5,31/01/2016,The Descent,7.2,99,2005,195917,11/03/2005,-2.2
1,30/01/2016,The Grudge,5.9,91,2004,136863,12/10/2004,-4.9
9,22/01/2016,Oculus,6.5,104,2013,113801,08/09/2013,2.5
3,22/01/2016,Crimson Peak,6.5,119,2015,126331,25/09/2015,-3.5
3,19/01/2016,Girlhouse,5.5,99,2014,7960,16/10/2014,-2.5
8,18/01/2016,Drag Me to Hell,6.5,99,2009,184487,15/03/2009,1.5
4,18/01/2016,Paranormal Activity 2,5.6,91,2010,96854,20/10/2010,-1.6
4,17/01/2016,Jeepers Creepers,6.2,90,2001,108150,20/07/2001,-2.2
9,16/01/2016,The Exorcist,8,122,1973,352593,26/12/1973,1
9,15/01/2016,Sinister 2,5.3,97,2015,46510,19/08/2015,3.7
9,15/01/2016,Donnie Darko,8,113,2001,725773,19/01/2001,1
8,15/01/2016,Primer,6.9,77,2004,95456,16/01/2004,1.1
8,15/01/2016,Fury,7.6,134,2014,412839,15/10/2014,0.4
8,15/01/2016,Inception,8.8,148,2010,1986040,08/07/2010,-0.8
6,15/01/2016,Guardians of the Galaxy,8,121,2014,1018841,21/07/2014,-2
4,15/01/2016,Paranormal Activity 4,4.6,88,2012,60978,16/10/2012,-0.6
4,15/01/2016,Elysium,6.6,109,2013,412389,07/08/2013,-2.6
3,15/01/2016,House at the End of the Street,5.6,101,2012,70166,21/09/2012,-2.6
2,15/01/2016,eXistenZ,6.8,97,1999,91827,16/02/1999,-4.8
5,13/01/2016,The Ring,7.1,115,2002,313703,02/10/2002,-2.1
7,08/01/2016,The Cabin in the Woods,7,95,2011,364317,11/12/2011,0
8,07/01/2016,Robots,6.3,91,2005,129574,10/03/2005,1.7
8,22/12/2015,Enemy,6.9,91,2013,160425,08/09/2013,1.1
4,18/12/2015,The Amityville Horror,6,90,2005,103298,07/04/2005,-2
7,11/12/2015,Superbad,7.6,113,2007,509161,17/08/2007,-0.6
7,30/11/2015,Housebound,6.8,107,2014,31258,10/03/2014,0.2
2,27/11/2015,Paranormal Activity: The Ghost Dimension,4.6,88,2015,24172,20/10/2015,-2.6
5,23/11/2015,Paranormal Activity: The Marked Ones,5,84,2014,39043,01/01/2014,0
7,19/11/2015,Insidious: Chapter 2,6.6,106,2013,150553,13/09/2013,0.4
10,18/11/2015,28 Weeks Later,7,100,2007,253897,26/04/2007,3
10,18/11/2015,Contact,7.4,150,1997,247877,11/07/1997,2.6
10,18/11/2015,"Monsters, Inc.",8,92,2001,791021,28/10/2001,2
9,18/11/2015,Interstellar,8.6,169,2014,1434667,26/10/2014,0.4
8,18/11/2015,Pigs,4.6,85,2007,3384,05/11/2007,3.4
8,18/11/2015,The Strangers,6.2,86,2008,115147,29/05/2008,1.8
8,18/11/2015,Pandorum,6.7,108,2009,141464,25/09/2009,1.3
8,18/11/2015,Monsters University,7.3,104,2013,312406,05/06/2013,0.7
8,18/11/2015,Moon,7.9,97,2009,328175,23/01/2009,0.1
8,18/11/2015,Shaun of the Dead,7.9,99,2004,500002,29/03/2004,0.1
8,18/11/2015,The Imitation Game,8,114,2014,663625,29/08/2014,0
8,18/11/2015,Ratatouille,8,111,2007,621427,22/06/2007,0
8,18/11/2015,Terminator 2: Judgment Day,8.5,137,1991,970060,01/07/1991,-0.5
8,18/11/2015,Forrest Gump,8.8,142,1994,1744520,23/06/1994,-0.8
7,18/11/2015,Silent Hill: Revelation,5,95,2012,59321,25/10/2012,2
7,18/11/2015,Eraserhead,7.4,89,1977,98555,19/03/1977,-0.4
7,18/11/2015,The Elephant Man,8.1,124,1980,213143,02/10/1980,-1.1
6,18/11/2015,You're Next,6.5,95,2011,85149,10/09/2011,-0.5
6,18/11/2015,This Is the End,6.6,107,2013,376918,03/06/2013,-0.6
6,18/11/2015,The Mist,7.1,126,2007,274743,12/11/2007,-1.1
6,18/11/2015,Gravity,7.7,91,2013,752375,28/08/2013,-1.7
5,18/11/2015,Despicable Me 2,7.3,98,2013,361881,16/06/2013,-2.3
3,18/11/2015,Godzilla,6.4,123,2014,368653,08/05/2014,-3.4
10,08/02/2015,Lost,8.3,44,2004,480660,22/09/2004,1.7
1,08/02/2015,The 100,7.7,43,2014,198641,19/03/2014,-6.7
9,25/01/2015,Ex Machina,7.7,108,2014,459384,16/12/2014,1.3
8,24/01/2015,Lo imposible,7.6,114,2012,191145,09/09/2012,0.4
7,24/01/2015,King Kong,7.2,187,2005,383070,05/12/2005,-0.2
2,24/01/2015,The Avengers,8,143,2012,1237324,11/04/2012,-6
9,16/01/2015,Sliding Doors,6.7,99,1998,62004,26/01/1998,2.3
8,14/12/2014,Memento,8.4,113,2000,1092135,05/09/2000,-0.4
10,30/11/2014,Back to the Future,8.5,116,1985,1018870,03/07/1985,1.5
9,09/08/2014,Finding Nemo,8.1,100,2003,923500,18/05/2003,0.9
9,09/08/2014,Aliens,8.3,137,1986,636189,14/07/1986,0.7
9,09/08/2014,The Pianist,8.5,150,2002,703073,24/05/2002,0.5
9,09/08/2014,The Shawshank Redemption,9.3,142,1994,2263587,10/09/1994,-0.3
8,09/08/2014,American Beauty,8.3,122,1999,1044503,08/09/1999,-0.3
8,09/08/2014,Alien,8.4,117,1979,764256,25/05/1979,-0.4
7,09/08/2014,The Sixth Sense,8.1,107,1999,890294,02/08/1999,-1.1
7,09/08/2014,Fight Club,8.8,139,1999,1797558,10/09/1999,-1.8
9,26/07/2014,Dawn of the Planet of the Apes,7.6,130,2014,405344,26/06/2014,1.4
